,source,postcode,house_is,property_subtype,price,rooms_number,area,equipped_kitchen_has,furnished,open_fire,terrace,terrace_area,garden,garden_area,land_surface,swimming_pool_has,region,building_state_agg,price_m_by_postcode,facades_number
0,6,4020,True,APARTMENT_BLOCK,250000.0,5.0,303.0,True,False,False,False,0.0,False,0.0,760.0,False,W,to_renovate,131150.63,0.0
1,6,1150,True,APARTMENT_BLOCK,650000.0,4.0,200.0,True,False,False,True,4.0,True,150.0,301.0,False,B,good,431031.84,0.0
2,6,9600,True,APARTMENT_BLOCK,389000.0,6.0,255.0,True,False,False,True,22.0,False,0.0,205.0,False,F,good,138875.36,0.0
3,6,1030,True,APARTMENT_BLOCK,399000.0,3.0,137.0,True,False,False,True,10.0,False,0.0,195.0,False,B,to_renovate,221254.06,0.0
4,6,4500,True,APARTMENT_BLOCK,425000.0,5.0,400.0,True,False,False,True,0.0,True,366.0,603.0,False,W,good,147665.98,0.0
5,6,1200,True,APARTMENT_BLOCK,1750000.0,7.0,550.0,True,False,False,True,20.0,True,60.0,270.0,False,B,good,317314.62,0.0
6,6,6760,True,APARTMENT_BLOCK,349000.0,1.0,118.0,True,False,False,False,0.0,False,0.0,63.0,False,W,to_renovate,133398.8,0.0
7,6,1140,True,APARTMENT_BLOCK,695000.0,7.0,257.0,False,False,False,False,0.0,False,0.0,350.0,False,B,to_renovate,208704.84,0.0
8,6,4020,True,APARTMENT_BLOCK,280000.0,8.0,180.0,True,False,False,False,0.0,True,55.0,120.0,False,W,to_renovate,131150.63,0.0
9,6,1030,True,APARTMENT_BLOCK,520000.0,8.0,360.0,True,False,False,True,15.0,True,65.0,147.0,False,B,to_renovate,221254.06,0.0
10,6,1090,True,APARTMENT_BLOCK,749000.0,8.0,350.0,True,False,False,True,37.0,True,138.0,235.0,False,B,good,190964.36,0.0
11,6,1050,True,APARTMENT_BLOCK,2300000.0,5.0,500.0,True,False,False,True,8.0,True,130.0,258.0,False,B,to_renovate,316991.68,0.0
12,6,1150,True,APARTMENT_BLOCK,925000.0,3.0,220.0,True,False,False,True,22.0,True,113.0,240.0,False,B,good,431031.84,0.0
13,6,9170,True,APARTMENT_BLOCK,399000.0,4.0,315.0,True,False,False,False,0.0,False,0.0,145.0,False,F,good,218363.17,0.0
14,6,4300,True,APARTMENT_BLOCK,375000.0,4.0,200.0,True,False,False,False,0.0,True,200.0,345.0,False,W,good,174481.45,0.0
15,6,8370,True,APARTMENT_BLOCK,250000.0,4.0,226.0,True,False,False,True,8.0,False,0.0,97.0,False,F,renovated,183191.82,0.0
16,6,4500,True,APARTMENT_BLOCK,225000.0,6.0,380.0,True,False,False,True,105.0,True,2500.0,2897.0,False,W,to_renovate,147665.98,0.0
17,6,5140,True,APARTMENT_BLOCK,200000.0,3.0,175.0,True,False,False,False,0.0,True,75.0,390.0,False,W,good,186468.41,0.0
18,6,1300,True,APARTMENT_BLOCK,1250000.0,11.0,520.0,True,True,False,True,0.0,True,5500.0,5500.0,True,W,renovated,274773.39,0.0
19,6,4870,True,APARTMENT_BLOCK,289000.0,4.0,360.0,True,False,False,True,40.0,False,0.0,201.0,False,W,to_renovate,142923.1,0.0
20,6,1030,True,APARTMENT_BLOCK,940000.0,6.0,240.0,True,False,False,False,0.0,False,0.0,335.0,False,B,good,221254.06,0.0
21,6,1200,True,APARTMENT_BLOCK,550000.0,3.0,160.0,False,False,False,True,4.0,True,44.0,0.0,False,B,good,317314.62,0.0
22,6,1000,True,APARTMENT_BLOCK,3500000.0,10.0,850.0,True,True,False,False,0.0,False,0.0,230.0,False,B,good,219943.02,0.0
23,6,8450,True,APARTMENT_BLOCK,399000.0,5.0,237.0,True,False,False,False,0.0,False,0.0,205.0,False,F,good,192276.77,0.0
24,6,1950,True,APARTMENT_BLOCK,725000.0,7.0,230.0,True,False,False,True,21.0,False,0.0,364.0,False,F,renovated,420551.23,0.0
25,6,4920,True,APARTMENT_BLOCK,218000.0,2.0,85.0,True,False,False,True,8.0,False,0.0,250.0,False,W,good,144642.48,0.0
26,6,1180,True,APARTMENT_BLOCK,785000.0,5.0,184.0,True,False,False,True,25.0,True,143.0,230.0,False,B,to_renovate,368667.88,0.0
27,6,3020,True,APARTMENT_BLOCK,1285000.0,10.0,425.0,True,False,False,True,9.0,False,0.0,637.0,False,F,to_renovate,291423.3,0.0
28,6,1000,True,APARTMENT_BLOCK,1350000.0,7.0,400.0,True,False,False,True,75.0,False,0.0,206.0,False,B,to_renovate,219943.02,0.0
29,6,1180,True,APARTMENT_BLOCK,495000.0,5.0,166.0,True,False,False,True,80.0,True,100.0,154.0,False,B,good,368667.88,0.0
30,6,1050,True,APARTMENT_BLOCK,490000.0,4.0,160.0,False,False,False,False,0.0,False,0.0,60.0,False,B,to_renovate,316991.68,0.0
31,6,1040,True,APARTMENT_BLOCK,785000.0,6.0,233.0,True,False,False,True,7.0,False,0.0,72.0,True,B,to_renovate,271500.67,0.0
32,6,1435,True,APARTMENT_BLOCK,275000.0,1.0,115.0,True,False,False,True,0.0,False,0.0,153.0,False,W,good,247725.3,0.0
33,6,1000,True,APARTMENT_BLOCK,735000.0,4.0,272.0,True,False,False,True,32.0,True,16.0,81.0,False,B,renovated,219943.02,0.0
34,6,1030,True,APARTMENT_BLOCK,5500000.0,44.0,6330.0,True,False,False,True,10.0,False,0.0,2000.0,False,B,good,221254.06,0.0
35,6,1080,True,APARTMENT_BLOCK,435000.0,4.0,204.0,True,False,False,False,0.0,False,0.0,120.0,False,B,good,173491.72,0.0
36,6,1160,True,APARTMENT_BLOCK,925000.0,9.0,300.0,True,True,True,True,20.0,True,65.0,125.0,False,B,renovated,313891.63,0.0
37,6,5590,True,APARTMENT_BLOCK,415000.0,5.0,263.0,True,False,False,False,0.0,False,0.0,154.0,False,W,to_renovate,170110.24,0.0
38,6,1000,True,APARTMENT_BLOCK,1350000.0,10.0,540.0,True,False,False,True,60.0,False,0.0,0.0,False,B,to_renovate,219943.02,0.0
39,6,9900,True,APARTMENT_BLOCK,450000.0,6.0,280.0,False,False,False,True,0.0,False,0.0,589.0,False,F,to_renovate,191721.38,0.0
40,6,1090,True,APARTMENT_BLOCK,700000.0,8.0,300.0,True,False,False,True,0.0,False,0.0,104.0,False,B,to_renovate,190964.36,0.0
41,6,1140,True,APARTMENT_BLOCK,795000.0,7.0,325.0,False,False,False,True,0.0,True,40.0,152.0,False,B,to_renovate,208704.84,0.0
42,6,1000,True,APARTMENT_BLOCK,695000.0,4.0,180.0,True,False,False,True,3.0,False,0.0,0.0,False,B,good,219943.02,0.0
43,6,8530,True,APARTMENT_BLOCK,228000.0,2.0,99.0,False,False,False,False,0.0,False,0.0,33857.0,False,F,good,184104.56,0.0
44,6,1150,True,APARTMENT_BLOCK,1880000.0,7.0,450.0,True,False,True,True,93.0,True,562.0,0.0,False,B,good,431031.84,0.0
45,6,4800,True,APARTMENT_BLOCK,195000.0,5.0,165.0,True,False,False,True,40.0,True,80.0,250.0,False,W,to_renovate,150501.54,0.0
46,6,4500,True,APARTMENT_BLOCK,199500.0,2.0,350.0,True,False,False,True,0.0,False,0.0,287.0,False,W,good,147665.98,0.0
47,6,4540,True,APARTMENT_BLOCK,180000.0,6.0,300.0,True,False,False,True,0.0,True,283.0,456.0,False,W,to_renovate,139014.32,0.0
48,6,1180,True,APARTMENT_BLOCK,750000.0,3.0,220.0,True,False,False,False,0.0,False,0.0,290.0,False,B,good,368667.88,0.0
49,6,1200,True,APARTMENT_BLOCK,775000.0,5.0,220.0,False,False,False,True,40.0,False,0.0,185.0,False,B,good,317314.62,0.0
50,6,1000,True,APARTMENT_BLOCK,1150000.0,4.0,230.0,False,True,False,False,0.0,False,0.0,0.0,False,B,good,219943.02,0.0
51,6,4000,True,APARTMENT_BLOCK,950000.0,14.0,600.0,True,False,False,True,0.0,False,0.0,0.0,False,W,renovated,131150.63,0.0
52,6,7300,True,APARTMENT_BLOCK,142500.0,3.0,112.0,True,False,False,True,30.0,False,0.0,100.0,False,W,good,103884.72,0.0
53,6,5000,True,APARTMENT_BLOCK,295000.0,7.0,250.0,True,False,False,True,0.0,True,195.0,380.0,False,W,good,199974.62,0.0
54,6,1170,True,APARTMENT_BLOCK,1795000.0,9.0,603.0,False,False,False,True,35.0,True,241.0,504.0,False,B,good,345467.38,0.0
55,6,1070,True,APARTMENT_BLOCK,399000.0,5.0,240.0,True,False,False,False,0.0,False,0.0,0.0,False,B,to_renovate,184185.71,0.0
56,6,3620,True,APARTMENT_BLOCK,264000.0,2.0,108.0,True,True,False,False,0.0,False,0.0,108.0,False,F,good,208472.55,0.0
57,6,9600,True,APARTMENT_BLOCK,900000.0,10.0,461.0,True,False,False,False,0.0,False,0.0,690.0,False,F,good,138875.36,0.0
58,6,7130,True,APARTMENT_BLOCK,140000.0,2.0,162.0,True,False,False,True,0.0,False,0.0,90.0,False,W,good,128490.5,0.0
59,6,4860,True,APARTMENT_BLOCK,162000.0,5.0,210.0,True,False,False,True,40.0,True,80.0,150.0,False,W,good,146040.99,0.0
60,6,4800,True,APARTMENT_BLOCK,212500.0,7.0,196.0,True,False,False,False,0.0,False,0.0,60.0,False,W,good,150501.54,0.0
61,6,4000,True,APARTMENT_BLOCK,229000.0,2.0,202.0,True,False,False,False,0.0,False,0.0,75.0,False,W,good,131150.63,0.0
62,6,7130,True,APARTMENT_BLOCK,270000.0,4.0,262.0,True,False,False,True,0.0,False,0.0,214.0,False,W,good,128490.5,0.0
63,6,5060,True,APARTMENT_BLOCK,275000.0,4.0,240.0,True,False,False,False,0.0,False,0.0,250.0,False,W,to_renovate,144523.59,0.0
64,6,5140,True,APARTMENT_BLOCK,370000.0,6.0,300.0,True,False,False,False,0.0,False,0.0,1467.0,False,W,good,186468.41,0.0
65,6,8370,True,APARTMENT_BLOCK,860000.0,5.0,252.0,True,False,False,True,0.0,True,100.0,204.0,False,F,renovated,183191.82,0.0
66,6,1000,True,APARTMENT_BLOCK,995000.0,5.0,330.0,True,True,False,True,10.0,False,0.0,178.0,False,B,good,219943.02,0.0
67,6,1200,True,APARTMENT_BLOCK,1500000.0,10.0,600.0,True,False,False,True,20.0,True,250.0,700.0,False,B,good,317314.62,0.0
68,6,4000,True,APARTMENT_BLOCK,215000.0,4.0,168.0,False,False,False,True,50.0,False,0.0,120.0,False,W,good,131150.63,0.0
69,6,1070,True,APARTMENT_BLOCK,365000.0,4.0,145.0,False,False,False,False,0.0,False,0.0,40.0,False,B,good,184185.71,0.0
70,6,1080,True,APARTMENT_BLOCK,429000.0,4.0,202.0,True,False,False,True,0.0,True,22.0,93.0,False,B,good,173491.72,0.0
71,6,4800,True,APARTMENT_BLOCK,575000.0,10.0,500.0,True,False,False,False,0.0,False,0.0,216.0,False,W,renovated,150501.54,0.0
72,6,1050,True,APARTMENT_BLOCK,1390000.0,5.0,390.0,True,False,False,True,50.0,False,0.0,0.0,False,B,good,316991.68,0.0
73,6,4000,True,APARTMENT_BLOCK,259000.0,4.0,190.0,True,False,False,True,0.0,False,0.0,577.0,False,W,good,131150.63,0.0
74,6,5300,True,APARTMENT_BLOCK,340000.0,3.0,195.0,True,False,False,True,12.0,False,0.0,151.0,False,W,good,159847.89,0.0
75,6,1435,True,APARTMENT_BLOCK,395000.0,3.0,180.0,True,False,False,True,74.0,False,0.0,575.0,False,W,good,247725.3,0.0
76,6,1050,True,APARTMENT_BLOCK,800000.0,4.0,415.0,True,False,False,False,0.0,False,0.0,162.0,False,B,to_renovate,316991.68,0.0
77,6,1070,True,APARTMENT_BLOCK,1300000.0,9.0,400.0,True,False,False,False,0.0,False,0.0,125.0,False,B,good,184185.71,0.0
78,6,1050,True,APARTMENT_BLOCK,2200000.0,7.0,520.0,True,False,False,True,0.0,True,220.0,364.0,False,B,good,316991.68,0.0
79,6,1480,True,APARTMENT_BLOCK,560000.0,6.0,500.0,True,False,False,True,80.0,True,1543.0,1543.0,False,W,good,211413.55,0.0
80,6,2650,True,APARTMENT_BLOCK,469000.0,4.0,265.0,False,False,False,False,0.0,False,0.0,210.0,False,F,good,272800.32,0.0
81,6,7130,True,APARTMENT_BLOCK,275000.0,4.0,190.0,True,False,False,False,0.0,False,0.0,74.0,False,W,good,128490.5,0.0
82,6,4800,True,APARTMENT_BLOCK,100000.0,3.0,141.0,False,False,False,False,0.0,False,0.0,170.0,False,W,to_renovate,150501.54,0.0
83,6,9400,True,APARTMENT_BLOCK,649000.0,6.0,504.0,True,False,False,True,14.0,False,0.0,0.0,False,F,good,203310.14,0.0
84,6,1080,True,APARTMENT_BLOCK,650000.0,6.0,456.0,True,False,False,True,0.0,False,0.0,0.0,False,B,to_renovate,173491.72,0.0
85,6,6220,True,APARTMENT_BLOCK,149000.0,0.0,150.0,True,False,False,False,0.0,False,0.0,0.0,False,W,good,137071.74,0.0
86,6,4000,True,APARTMENT_BLOCK,745000.0,6.0,436.0,True,False,False,False,0.0,False,0.0,4362.0,False,W,good,131150.63,0.0
87,6,6220,True,APARTMENT_BLOCK,170000.0,0.0,270.0,True,False,False,False,0.0,False,0.0,0.0,False,W,to_renovate,137071.74,0.0
88,6,1470,True,APARTMENT_BLOCK,375000.0,6.0,250.0,True,False,False,True,80.0,False,0.0,308.0,False,W,good,253905.42,0.0
89,6,1000,True,APARTMENT_BLOCK,999000.0,3.0,112.0,True,True,False,False,0.0,False,0.0,35.0,False,B,good,219943.02,0.0
90,6,1200,True,APARTMENT_BLOCK,1195000.0,5.0,302.0,True,False,False,True,10.0,False,0.0,0.0,False,B,good,317314.62,0.0
91,6,2560,True,APARTMENT_BLOCK,1320000.0,12.0,464.0,True,False,False,True,0.0,False,0.0,642.0,False,F,renovated,239045.53,0.0
92,6,4500,True,APARTMENT_BLOCK,195000.0,3.0,264.0,True,True,False,False,0.0,False,0.0,88.0,False,W,to_renovate,147665.98,0.0
93,6,1180,True,APARTMENT_BLOCK,3650000.0,3.0,1260.0,True,False,False,True,0.0,False,0.0,820.0,False,B,good,368667.88,0.0
94,6,4970,True,APARTMENT_BLOCK,120000.0,4.0,166.0,False,False,False,False,0.0,False,0.0,64.0,False,W,good,128114.1,0.0
95,6,1180,True,APARTMENT_BLOCK,3700000.0,0.0,1790.0,False,False,False,False,0.0,False,0.0,0.0,False,B,good,368667.88,0.0
96,6,5000,True,APARTMENT_BLOCK,650000.0,12.0,254.0,True,False,False,False,0.0,False,0.0,0.0,False,W,good,199974.62,0.0
97,6,6240,True,APARTMENT_BLOCK,290000.0,3.0,190.0,True,False,False,False,0.0,False,0.0,810.0,False,W,renovated,92007.33,0.0
98,6,6700,True,APARTMENT_BLOCK,390000.0,3.0,162.0,True,False,False,False,0.0,False,0.0,0.0,False,W,good,219239.36,0.0
99,6,1030,True,APARTMENT_BLOCK,693000.0,3.0,245.0,False,False,False,False,0.0,False,0.0,0.0,False,B,good,221254.06,0.0
100,6,1070,True,APARTMENT_BLOCK,530000.0,6.0,297.0,True,False,False,False,0.0,True,80.0,193.0,False,B,to_renovate,184185.71,0.0
101,6,1080,True,APARTMENT_BLOCK,1490000.0,10.0,700.0,False,False,False,True,0.0,False,0.0,0.0,False,B,good,173491.72,0.0
102,6,1480,True,APARTMENT_BLOCK,575000.0,24.0,850.0,True,False,False,True,80.0,False,0.0,500.0,False,W,good,211413.55,0.0
103,6,9060,True,APARTMENT_BLOCK,950000.0,12.0,510.0,False,False,False,False,0.0,False,0.0,400.0,False,F,good,180235.68,0.0
104,6,1030,True,APARTMENT_BLOCK,395000.0,4.0,200.0,False,False,False,True,10.0,True,130.0,220.0,False,B,to_renovate,221254.06,0.0
105,6,1060,True,APARTMENT_BLOCK,2950000.0,9.0,700.0,True,False,False,True,60.0,True,60.0,240.0,False,B,good,218403.92,0.0
106,6,1050,True,APARTMENT_BLOCK,985000.0,5.0,275.0,True,False,False,True,14.0,False,0.0,108.0,False,B,good,316991.68,0.0
107,6,1000,True,APARTMENT_BLOCK,1975000.0,10.0,716.0,True,True,False,True,15.0,False,0.0,0.0,False,B,good,219943.02,0.0
108,6,9280,True,APARTMENT_BLOCK,580000.0,5.0,200.0,False,False,False,True,0.0,False,0.0,370.0,False,F,good,197671.97,0.0
109,6,3090,True,APARTMENT_BLOCK,3540000.0,2.0,227.0,True,False,False,True,0.0,False,0.0,585.0,False,F,good,370321.94,0.0
110,6,1030,True,APARTMENT_BLOCK,523000.0,3.0,189.0,False,False,False,False,0.0,False,0.0,0.0,False,B,good,221254.06,0.0
111,6,4830,True,APARTMENT_BLOCK,169000.0,3.0,137.0,True,False,False,True,40.0,True,80.0,156.0,False,W,good,120690.98,0.0
112,6,6180,True,APARTMENT_BLOCK,450000.0,10.0,400.0,True,False,False,True,0.0,False,0.0,1100.0,False,W,good,122084.79,0.0
113,6,1050,True,APARTMENT_BLOCK,765000.0,5.0,185.0,True,False,False,False,0.0,False,0.0,77.0,False,B,to_renovate,316991.68,0.0
114,6,6000,True,APARTMENT_BLOCK,328000.0,10.0,900.0,True,False,False,False,0.0,False,0.0,0.0,False,W,to_renovate,104861.26,0.0
115,6,1070,True,APARTMENT_BLOCK,519000.0,4.0,190.0,True,False,False,True,49.0,False,0.0,0.0,False,B,good,184185.71,0.0
116,6,1030,True,APARTMENT_BLOCK,818000.0,5.0,305.0,False,False,False,False,0.0,False,0.0,0.0,False,B,good,221254.06,0.0
117,6,1030,True,APARTMENT_BLOCK,750000.0,7.0,425.0,True,False,False,False,0.0,False,0.0,378.0,False,B,good,221254.06,0.0
118,6,1000,True,APARTMENT_BLOCK,1375000.0,12.0,580.0,False,False,False,False,0.0,False,0.0,150.0,False,B,to_renovate,219943.02,0.0
119,6,2880,True,APARTMENT_BLOCK,165000.0,2.0,105.0,False,False,False,True,0.0,False,0.0,0.0,False,F,good,244147.6,0.0
120,6,4400,True,APARTMENT_BLOCK,329000.0,6.0,273.0,True,False,False,False,0.0,True,400.0,638.0,False,W,to_renovate,133959.98,0.0
121,6,9260,True,APARTMENT_BLOCK,1050000.0,10.0,526.0,True,False,False,True,0.0,False,0.0,817.0,False,F,good,214223.88,0.0
122,6,4020,True,APARTMENT_BLOCK,630000.0,16.0,475.0,False,False,False,True,2.0,False,0.0,98.0,False,W,to_renovate,131150.63,0.0
123,6,1180,True,APARTMENT_BLOCK,945000.0,7.0,380.0,True,False,False,True,23.0,True,200.0,393.0,False,B,to_renovate,368667.88,0.0
124,6,1060,True,APARTMENT_BLOCK,990000.0,10.0,580.0,False,False,False,False,0.0,False,0.0,140.0,False,B,to_renovate,218403.92,0.0
125,6,1000,True,APARTMENT_BLOCK,2450000.0,0.0,630.0,True,False,False,False,0.0,False,0.0,0.0,False,B,good,219943.02,0.0
126,6,4800,True,APARTMENT_BLOCK,149000.0,2.0,234.0,False,False,False,False,0.0,False,0.0,81.0,False,W,to_renovate,150501.54,0.0
127,6,9230,True,APARTMENT_BLOCK,745000.0,5.0,217.0,True,False,False,True,0.0,False,0.0,266.0,False,F,good,197158.48,0.0
128,6,1070,True,APARTMENT_BLOCK,1950000.0,15.0,985.0,True,False,False,False,0.0,False,0.0,380.0,False,B,good,184185.71,0.0
129,6,6000,True,APARTMENT_BLOCK,325000.0,3.0,61.0,True,False,False,False,0.0,False,0.0,0.0,False,W,good,104861.26,0.0
130,6,1600,True,APARTMENT_BLOCK,280000.0,2.0,138.0,True,False,False,False,0.0,False,0.0,185.0,False,F,good,244264.8,0.0
131,6,1080,True,APARTMENT_BLOCK,495000.0,4.0,265.0,True,False,False,False,0.0,False,0.0,136.0,False,B,to_renovate,173491.72,0.0
132,6,1070,True,APARTMENT_BLOCK,399000.0,3.0,190.0,True,False,False,True,27.0,False,0.0,0.0,False,B,good,184185.71,0.0
133,6,1745,True,APARTMENT_BLOCK,199000.0,0.0,355.0,False,False,False,False,0.0,False,0.0,0.0,False,F,good,242550.25,0.0
134,6,5500,True,APARTMENT_BLOCK,220000.0,3.0,150.0,False,False,False,False,0.0,False,0.0,60.0,False,W,good,136224.19,0.0
135,6,7370,True,APARTMENT_BLOCK,300000.0,7.0,600.0,False,False,False,True,0.0,False,0.0,0.0,False,W,to_renovate,94877.46,0.0
136,6,2880,True,APARTMENT_BLOCK,524000.0,3.0,361.0,False,False,False,True,0.0,False,0.0,0.0,False,F,good,244147.6,0.0
137,6,1000,True,APARTMENT_BLOCK,710000.0,6.0,370.0,False,False,False,False,0.0,False,0.0,142.0,False,B,to_renovate,219943.02,0.0
138,6,6870,True,APARTMENT_BLOCK,499000.0,8.0,452.0,False,False,False,True,0.0,False,0.0,2733.0,False,W,good,128565.21,0.0
139,6,6760,True,APARTMENT_BLOCK,400000.0,16.0,630.0,True,True,False,False,0.0,False,0.0,593.0,False,W,to_renovate,133398.8,0.0
140,6,1060,True,APARTMENT_BLOCK,699000.0,8.0,290.0,True,False,False,False,0.0,False,0.0,132.0,False,B,to_renovate,218403.92,0.0
141,6,1040,True,APARTMENT_BLOCK,595000.0,5.0,275.0,True,False,False,False,0.0,False,0.0,70.0,False,B,good,271500.67,0.0
142,6,1785,True,APARTMENT_BLOCK,650000.0,5.0,270.0,True,False,False,True,0.0,False,0.0,190.0,False,F,to_renovate,273418.9,0.0
143,6,1050,True,APARTMENT_BLOCK,579000.0,6.0,250.0,True,False,False,True,0.0,False,0.0,90.0,False,B,to_renovate,316991.68,0.0
144,6,4340,True,APARTMENT_BLOCK,549000.0,4.0,200.0,True,False,False,True,20.0,True,700.0,1211.0,False,W,renovated,169996.21,0.0
145,6,4040,True,APARTMENT_BLOCK,725000.0,8.0,280.0,True,False,False,False,0.0,False,0.0,97.0,False,W,good,125973.7,0.0
146,6,6200,True,APARTMENT_BLOCK,210000.0,3.0,140.0,True,False,False,True,25.0,True,25.0,70.0,False,W,good,112172.39,0.0
147,6,1000,True,APARTMENT_BLOCK,540000.0,5.0,270.0,True,False,False,False,0.0,False,0.0,90.0,False,B,to_renovate,219943.02,0.0
148,6,4000,True,APARTMENT_BLOCK,515000.0,4.0,225.0,True,False,False,False,0.0,False,0.0,126.0,False,W,renovated,131150.63,0.0
149,6,1200,True,APARTMENT_BLOCK,875000.0,5.0,226.0,False,False,False,True,25.0,True,150.0,273.0,False,B,good,317314.62,0.0
150,6,1000,True,APARTMENT_BLOCK,1350000.0,5.0,450.0,False,False,False,True,6.0,True,60.0,193.0,False,B,to_renovate,219943.02,0.0
151,6,6940,True,APARTMENT_BLOCK,325000.0,5.0,196.0,False,False,True,True,40.0,False,0.0,321.0,True,W,good,139295.97,0.0
152,6,6560,True,APARTMENT_BLOCK,89000.0,2.0,100.0,True,True,False,False,0.0,False,0.0,220.0,False,W,to_renovate,110329.16,0.0
153,6,4830,True,APARTMENT_BLOCK,170000.0,5.0,242.0,True,False,False,True,16.0,False,0.0,184.0,False,W,to_renovate,120690.98,0.0
154,6,4820,True,APARTMENT_BLOCK,269000.0,7.0,267.0,True,False,False,False,0.0,False,0.0,90.0,False,W,to_renovate,125841.67,0.0
155,6,4040,True,APARTMENT_BLOCK,225000.0,5.0,212.0,True,False,False,False,0.0,True,179.0,236.0,False,W,to_renovate,125973.7,0.0
156,6,2650,True,APARTMENT_BLOCK,700000.0,1.0,308.0,True,False,False,False,0.0,False,0.0,104.0,False,F,good,272800.32,0.0
157,6,1030,True,APARTMENT_BLOCK,295000.0,2.0,160.0,False,False,False,True,20.0,False,0.0,0.0,False,B,to_renovate,221254.06,0.0
158,6,1070,True,APARTMENT_BLOCK,475000.0,8.0,450.0,True,False,False,True,0.0,False,0.0,179.0,False,B,good,184185.71,0.0
159,6,5000,True,APARTMENT_BLOCK,299000.0,2.0,180.0,False,False,False,False,0.0,False,0.0,265.0,False,W,renovated,199974.62,0.0
160,6,4650,True,APARTMENT_BLOCK,295000.0,6.0,280.0,True,False,False,False,0.0,False,0.0,138.0,False,W,good,180788.1,0.0
161,6,7500,True,APARTMENT_BLOCK,139000.0,0.0,100.0,True,False,False,False,0.0,False,0.0,0.0,False,W,to_renovate,161467.93,0.0
162,6,4000,True,APARTMENT_BLOCK,299000.0,3.0,227.0,True,False,False,True,0.0,False,0.0,0.0,False,W,to_renovate,131150.63,0.0
163,6,4900,True,APARTMENT_BLOCK,545000.0,3.0,171.0,False,False,True,False,0.0,False,0.0,0.0,False,W,good,178005.38,0.0
164,6,1040,True,APARTMENT_BLOCK,1549000.0,8.0,420.0,True,False,False,True,12.0,False,0.0,230.0,False,B,good,271500.67,0.0
165,6,4800,True,APARTMENT_BLOCK,265000.0,3.0,401.0,True,False,False,True,44.0,False,0.0,150.0,False,W,to_renovate,150501.54,0.0
166,6,4000,True,APARTMENT_BLOCK,305000.0,6.0,154.0,True,True,False,True,8.0,True,42.0,100.0,False,W,to_renovate,131150.63,0.0
167,6,4800,True,APARTMENT_BLOCK,2450000.0,71.0,2540.0,True,False,False,False,0.0,False,0.0,2945.0,False,W,good,150501.54,0.0
168,6,3320,True,APARTMENT_BLOCK,675000.0,2.0,85.0,True,False,False,False,0.0,False,0.0,730.0,False,F,to_renovate,191754.79,0.0
169,6,6000,True,APARTMENT_BLOCK,114000.0,1.0,160.0,True,False,False,False,0.0,False,0.0,39.0,False,W,good,104861.26,0.0
170,6,1090,True,APARTMENT_BLOCK,455000.0,3.0,216.0,True,False,True,True,20.0,False,0.0,85.0,False,B,good,190964.36,0.0
171,6,3500,True,APARTMENT_BLOCK,1000000.0,4.0,344.0,False,False,False,False,0.0,False,0.0,190.0,False,F,good,218075.64,0.0
172,6,6830,True,APARTMENT_BLOCK,549000.0,9.0,466.0,False,False,False,True,0.0,False,0.0,162.0,False,W,good,116400.25,0.0
173,6,4257,True,APARTMENT_BLOCK,750000.0,2.0,908.0,True,False,False,False,0.0,False,0.0,2978.0,False,W,good,121116.97,0.0
174,6,4800,True,APARTMENT_BLOCK,155000.0,6.0,201.0,True,False,False,False,0.0,True,120.0,194.0,False,W,to_renovate,150501.54,0.0
175,6,1180,True,APARTMENT_BLOCK,890000.0,0.0,295.0,False,False,False,False,0.0,False,0.0,151.0,False,B,renovated,368667.88,0.0
176,6,6000,True,APARTMENT_BLOCK,220000.0,5.0,200.0,True,False,False,True,0.0,False,0.0,375.0,False,W,good,104861.26,0.0
177,6,1080,True,APARTMENT_BLOCK,640000.0,7.0,240.0,True,False,False,True,0.0,False,0.0,131.0,False,B,good,173491.72,0.0
178,6,5000,True,APARTMENT_BLOCK,645000.0,9.0,170.0,False,True,False,False,0.0,False,0.0,1.0,False,W,renovated,199974.62,0.0
179,6,4900,True,APARTMENT_BLOCK,144500.0,3.0,154.0,True,False,False,False,0.0,False,0.0,70.0,False,W,to_renovate,178005.38,0.0
180,6,4160,True,APARTMENT_BLOCK,169000.0,5.0,277.0,True,False,False,True,0.0,True,204.0,1455.0,False,W,good,117775.85,0.0
181,6,1060,True,APARTMENT_BLOCK,395000.0,4.0,240.0,True,False,False,True,0.0,False,0.0,0.0,False,B,to_renovate,218403.92,0.0
182,6,1700,True,APARTMENT_BLOCK,725000.0,0.0,284.0,True,False,False,False,0.0,False,0.0,548.0,False,F,good,291692.58,0.0
183,6,1083,True,APARTMENT_BLOCK,1200000.0,4.0,590.0,False,False,False,False,0.0,False,0.0,243.0,False,B,good,194305.97,0.0
184,6,1070,True,APARTMENT_BLOCK,649000.0,4.0,280.0,False,False,False,True,0.0,True,68.0,150.0,False,B,to_renovate,184185.71,0.0
185,6,4020,True,APARTMENT_BLOCK,320000.0,4.0,142.0,True,False,False,True,0.0,False,0.0,613.0,False,W,good,131150.63,0.0
186,6,4400,True,APARTMENT_BLOCK,450000.0,0.0,268.0,False,False,False,False,0.0,False,0.0,1620.0,False,W,good,133959.98,0.0
187,6,4020,True,APARTMENT_BLOCK,239000.0,4.0,228.0,True,False,False,True,70.0,False,0.0,140.0,False,W,to_renovate,131150.63,0.0
188,6,5575,True,APARTMENT_BLOCK,1499000.0,15.0,775.0,True,True,False,True,0.0,False,0.0,450.0,False,W,good,119718.22,0.0
189,6,1060,True,APARTMENT_BLOCK,695000.0,6.0,350.0,False,False,False,True,5.0,True,18.0,0.0,False,B,to_renovate,218403.92,0.0
190,6,4020,True,APARTMENT_BLOCK,299000.0,8.0,275.0,True,False,False,True,30.0,False,0.0,0.0,False,W,to_renovate,131150.63,0.0
191,6,6240,True,APARTMENT_BLOCK,149000.0,3.0,200.0,False,False,False,False,0.0,False,0.0,50.0,False,W,good,92007.33,0.0
192,6,3290,True,APARTMENT_BLOCK,895000.0,11.0,405.0,True,False,False,True,0.0,False,0.0,180.0,False,F,good,206150.45,0.0
193,6,1150,True,APARTMENT_BLOCK,3500000.0,0.0,1796.0,False,False,False,True,172.0,False,0.0,1200.0,False,B,to_renovate,431031.84,0.0
194,6,4100,True,APARTMENT_BLOCK,450000.0,3.0,350.0,True,False,False,True,10.0,True,50.0,500.0,False,W,good,115354.67,0.0
195,6,7000,True,APARTMENT_BLOCK,650000.0,7.0,302.0,False,False,False,False,0.0,False,0.0,100.0,False,W,good,133821.45,0.0
196,6,7500,True,APARTMENT_BLOCK,175000.0,3.0,153.0,False,False,False,False,0.0,False,0.0,58.0,False,W,good,161467.93,0.0
197,6,5000,True,APARTMENT_BLOCK,239000.0,6.0,137.0,True,False,False,False,0.0,False,0.0,0.0,False,W,good,199974.62,0.0
198,6,7000,True,APARTMENT_BLOCK,289500.0,2.0,151.0,False,False,False,False,0.0,False,0.0,450.0,False,W,good,133821.45,0.0
199,6,7140,True,APARTMENT_BLOCK,630000.0,10.0,570.0,True,False,False,True,0.0,False,0.0,0.0,False,W,good,120903.65,0.0
200,6,1300,True,APARTMENT_BLOCK,765000.0,6.0,292.0,False,False,False,True,0.0,False,0.0,860.0,False,W,good,274773.39,0.0
201,6,1050,True,APARTMENT_BLOCK,949000.0,8.0,208.0,True,False,False,True,45.0,False,0.0,112.0,False,B,good,316991.68,0.0
202,6,1030,True,APARTMENT_BLOCK,1000000.0,4.0,400.0,False,False,False,True,0.0,False,0.0,143.0,False,B,good,221254.06,0.0
203,6,7000,True,APARTMENT_BLOCK,360000.0,4.0,165.0,True,False,False,False,0.0,False,0.0,0.0,False,W,good,133821.45,0.0
204,6,1600,True,APARTMENT_BLOCK,1950000.0,20.0,654.0,False,False,False,True,0.0,False,0.0,758.0,False,F,good,244264.8,0.0
205,6,5000,True,APARTMENT_BLOCK,359000.0,0.0,300.0,True,False,False,True,6.0,True,100.0,100.0,False,W,to_renovate,199974.62,0.0
206,6,6000,True,APARTMENT_BLOCK,150000.0,3.0,140.0,False,False,False,False,0.0,False,0.0,100.0,False,W,good,104861.26,0.0
207,6,4000,True,APARTMENT_BLOCK,199000.0,3.0,144.0,True,False,False,True,5.0,False,0.0,0.0,False,W,to_renovate,131150.63,0.0
208,6,1080,True,APARTMENT_BLOCK,330000.0,4.0,180.0,True,False,False,False,0.0,False,0.0,700.0,False,B,to_renovate,173491.72,0.0
209,6,1060,True,APARTMENT_BLOCK,470000.0,6.0,300.0,True,False,False,False,0.0,False,0.0,128.0,False,B,good,218403.92,0.0
210,6,7850,True,APARTMENT_BLOCK,310000.0,4.0,180.0,True,False,False,False,0.0,False,0.0,100.0,False,W,good,214387.53,0.0
211,6,1000,True,APARTMENT_BLOCK,495000.0,6.0,250.0,False,False,False,False,0.0,False,0.0,155.0,False,B,good,219943.02,0.0
212,6,1090,True,APARTMENT_BLOCK,940000.0,8.0,485.0,False,False,False,False,0.0,False,0.0,132.0,False,B,good,190964.36,0.0
213,6,4000,True,APARTMENT_BLOCK,129900.0,3.0,130.0,True,False,False,True,13.0,False,0.0,0.0,False,W,to_renovate,131150.63,0.0
214,6,4800,True,APARTMENT_BLOCK,125000.0,0.0,165.0,False,False,False,False,0.0,False,0.0,94.0,False,W,to_renovate,150501.54,0.0
215,6,7850,True,APARTMENT_BLOCK,410000.0,6.0,200.0,True,False,False,False,0.0,False,0.0,69.0,False,W,renovated,214387.53,0.0
216,6,1780,True,APARTMENT_BLOCK,870000.0,5.0,330.0,True,False,False,True,38.0,True,78.0,0.0,False,F,good,319089.22,0.0
217,6,1080,True,APARTMENT_BLOCK,569000.0,7.0,225.0,True,False,False,True,20.0,False,0.0,0.0,False,B,to_renovate,173491.72,0.0
218,6,1080,True,APARTMENT_BLOCK,1400000.0,5.0,307.0,True,False,False,True,200.0,False,0.0,804.0,False,B,to_renovate,173491.72,0.0
219,6,1070,True,APARTMENT_BLOCK,415000.0,5.0,315.0,True,False,False,False,0.0,False,0.0,0.0,False,B,good,184185.71,0.0
220,6,6000,True,APARTMENT_BLOCK,279000.0,6.0,280.0,True,False,False,False,0.0,False,0.0,0.0,False,W,good,104861.26,0.0
221,6,4000,True,APARTMENT_BLOCK,295000.0,6.0,141.0,True,True,False,False,0.0,False,0.0,0.0,False,W,good,131150.63,0.0
222,6,4920,True,APARTMENT_BLOCK,230000.0,5.0,223.0,True,False,False,False,0.0,False,0.0,114.0,False,W,good,144642.48,0.0
223,6,1000,True,APARTMENT_BLOCK,750000.0,7.0,365.0,False,False,False,False,0.0,False,0.0,0.0,False,B,to_renovate,219943.02,0.0
224,6,1090,True,APARTMENT_BLOCK,800000.0,3.0,195.0,True,False,False,True,25.0,False,0.0,785.0,False,B,good,190964.36,0.0
225,6,1080,True,APARTMENT_BLOCK,1200000.0,1.0,500.0,True,False,False,False,0.0,False,0.0,379.0,False,B,good,173491.72,0.0
226,6,1080,True,APARTMENT_BLOCK,629000.0,7.0,470.0,False,False,False,False,0.0,False,0.0,100.0,False,B,to_renovate,173491.72,0.0
227,6,4100,True,APARTMENT_BLOCK,159000.0,3.0,194.0,True,False,False,True,0.0,False,0.0,0.0,False,W,good,115354.67,0.0
228,6,4920,True,APARTMENT_BLOCK,268000.0,4.0,187.0,True,False,False,False,0.0,False,0.0,87.0,False,W,good,144642.48,0.0
229,6,1080,True,APARTMENT_BLOCK,460000.0,0.0,175.0,False,False,False,False,0.0,False,0.0,0.0,False,B,good,173491.72,0.0
230,6,9600,True,APARTMENT_BLOCK,329000.0,2.0,180.0,True,False,False,False,0.0,False,0.0,60.0,False,F,good,138875.36,0.0
231,6,4040,True,APARTMENT_BLOCK,499000.0,6.0,520.0,False,False,False,False,0.0,False,0.0,500.0,False,W,good,125973.7,0.0
232,6,1030,True,APARTMENT_BLOCK,539900.0,5.0,255.0,False,False,False,True,0.0,True,100.0,197.0,False,B,to_renovate,221254.06,0.0
233,6,4000,True,APARTMENT_BLOCK,360000.0,7.0,199.0,True,False,False,True,15.0,False,0.0,74.0,False,W,good,131150.63,0.0
234,6,7140,True,APARTMENT_BLOCK,455000.0,6.0,390.0,True,False,False,False,0.0,False,0.0,310.0,False,W,good,120903.65,0.0
235,6,7000,True,APARTMENT_BLOCK,530000.0,0.0,376.0,False,False,False,False,0.0,False,0.0,2075.0,False,W,good,133821.45,0.0
236,6,1070,True,APARTMENT_BLOCK,499000.0,5.0,200.0,False,False,False,False,0.0,False,0.0,0.0,False,B,good,184185.71,0.0
237,6,4460,True,APARTMENT_BLOCK,230000.0,3.0,155.0,False,False,False,True,0.0,True,347.0,390.0,False,W,good,137786.21,0.0
238,6,1030,True,APARTMENT_BLOCK,429000.0,4.0,220.0,False,False,False,False,0.0,False,0.0,0.0,False,B,to_renovate,221254.06,0.0
239,6,1050,True,APARTMENT_BLOCK,1095000.0,6.0,255.0,False,False,False,True,40.0,True,275.0,0.0,False,B,good,316991.68,0.0
240,6,1070,True,APARTMENT_BLOCK,825000.0,9.0,290.0,False,False,False,False,0.0,False,0.0,75.0,False,B,good,184185.71,0.0
241,6,4000,True,APARTMENT_BLOCK,270000.0,5.0,244.0,True,False,False,True,5.0,False,0.0,0.0,False,W,to_renovate,131150.63,0.0
242,6,4020,True,APARTMENT_BLOCK,160000.0,2.0,173.0,True,False,False,True,34.0,False,0.0,150.0,False,W,good,131150.63,0.0
243,6,1050,True,APARTMENT_BLOCK,1425000.0,6.0,400.0,True,False,False,False,0.0,True,100.0,184.0,False,B,good,316991.68,0.0
244,6,1060,True,APARTMENT_BLOCK,490000.0,5.0,296.0,True,False,False,False,0.0,False,0.0,95.0,False,B,good,218403.92,0.0
245,6,4460,True,APARTMENT_BLOCK,305000.0,6.0,240.0,True,False,False,True,42.0,True,60.0,0.0,False,W,good,137786.21,0.0
246,6,7170,True,APARTMENT_BLOCK,309000.0,4.0,180.0,True,False,True,True,0.0,False,0.0,0.0,False,W,good,127093.84,0.0
247,6,1000,True,APARTMENT_BLOCK,1300000.0,11.0,330.0,True,False,False,True,0.0,False,0.0,137.0,False,B,good,219943.02,0.0
248,6,4820,True,APARTMENT_BLOCK,198000.0,8.0,230.0,True,False,False,True,18.0,False,0.0,112.0,False,W,to_renovate,125841.67,0.0
249,6,1070,True,APARTMENT_BLOCK,795000.0,7.0,450.0,True,False,False,True,10.0,True,60.0,150.0,False,B,renovated,184185.71,0.0
250,6,8300,True,APARTMENT_BLOCK,535000.0,0.0,200.0,True,False,False,False,0.0,False,0.0,0.0,False,F,renovated,427622.78,0.0
251,6,7000,True,APARTMENT_BLOCK,239000.0,6.0,150.0,False,False,False,False,0.0,False,0.0,0.0,False,W,to_renovate,133821.45,0.0
252,6,5060,True,APARTMENT_BLOCK,415000.0,7.0,300.0,False,False,False,True,0.0,False,0.0,280.0,False,W,good,144523.59,0.0
253,6,1700,True,APARTMENT_BLOCK,649000.0,3.0,280.0,False,False,False,False,0.0,False,0.0,225.0,False,F,good,291692.58,0.0
254,6,4800,True,APARTMENT_BLOCK,250000.0,20.0,2400.0,True,False,False,True,0.0,False,0.0,1667.0,False,W,good,150501.54,0.0
255,6,6767,True,APARTMENT_BLOCK,155000.0,4.0,197.0,False,False,False,False,0.0,False,0.0,0.0,False,W,good,37530.49,0.0
256,6,4600,True,APARTMENT_BLOCK,235000.0,4.0,200.0,True,False,False,False,0.0,False,0.0,0.0,False,W,good,161195.76,0.0
257,6,1600,True,APARTMENT_BLOCK,1850000.0,12.0,650.0,False,False,False,True,0.0,False,0.0,0.0,False,F,good,244264.8,0.0
258,6,1430,True,APARTMENT_BLOCK,720000.0,5.0,305.0,False,False,False,True,100.0,False,0.0,200.0,False,W,good,206426.6,0.0
259,6,1070,True,APARTMENT_BLOCK,599000.0,6.0,276.0,False,False,False,False,0.0,False,0.0,0.0,False,B,good,184185.71,0.0
260,6,1080,True,APARTMENT_BLOCK,549000.0,5.0,270.0,True,False,False,True,3.0,True,40.0,0.0,False,B,good,173491.72,0.0
261,6,1000,True,APARTMENT_BLOCK,2975000.0,25.0,1193.0,True,False,False,True,0.0,False,0.0,8648.0,False,B,good,219943.02,0.0
262,6,1080,True,APARTMENT_BLOCK,2975000.0,25.0,1193.0,True,False,False,True,0.0,False,0.0,8648.0,False,B,good,173491.72,0.0
263,6,1050,True,APARTMENT_BLOCK,895000.0,7.0,350.0,True,False,False,True,20.0,True,75.0,186.0,False,B,good,316991.68,0.0
264,6,1040,True,APARTMENT_BLOCK,1750000.0,9.0,500.0,False,True,False,False,0.0,False,0.0,25.0,False,B,good,271500.67,0.0
265,6,8880,True,APARTMENT_BLOCK,295000.0,4.0,237.0,True,False,False,True,15.0,False,0.0,467.0,False,F,good,176436.38,0.0
266,6,4610,True,APARTMENT_BLOCK,430000.0,5.0,400.0,True,False,False,False,0.0,False,0.0,2200.0,False,W,to_renovate,135676.42,0.0
267,6,1050,True,APARTMENT_BLOCK,450000.0,5.0,218.0,True,False,False,True,3.0,False,0.0,44.0,False,B,good,316991.68,0.0
268,6,2830,True,APARTMENT_BLOCK,695000.0,5.0,387.0,True,False,False,False,0.0,False,0.0,96.0,False,F,good,206138.59,0.0
269,6,1050,True,APARTMENT_BLOCK,770000.0,7.0,256.0,True,False,False,False,0.0,False,0.0,80.0,False,B,good,316991.68,0.0
270,6,1030,True,APARTMENT_BLOCK,750000.0,5.0,300.0,True,False,False,True,50.0,False,0.0,135.0,False,B,good,221254.06,0.0
271,6,1030,True,APARTMENT_BLOCK,315000.0,0.0,220.0,True,False,False,True,0.0,True,50.0,100.0,False,B,to_renovate,221254.06,0.0
272,6,4000,True,APARTMENT_BLOCK,335000.0,5.0,167.0,True,False,False,True,28.0,False,0.0,140.0,False,W,good,131150.63,0.0
273,6,8370,True,APARTMENT_BLOCK,685000.0,9.0,720.0,True,False,False,False,0.0,False,0.0,180.0,False,F,to_renovate,183191.82,0.0
274,6,1930,True,APARTMENT_BLOCK,235000.0,3.0,160.0,True,False,False,False,0.0,False,0.0,72.0,False,F,to_renovate,284935.12,0.0
275,6,4800,True,APARTMENT_BLOCK,170000.0,4.0,150.0,True,False,False,False,0.0,False,0.0,221.0,False,W,to_renovate,150501.54,0.0
276,6,7950,True,APARTMENT_BLOCK,195000.0,1.0,94.0,True,False,False,False,0.0,False,0.0,118.0,False,W,renovated,161081.46,0.0
277,6,4800,True,APARTMENT_BLOCK,275000.0,7.0,400.0,True,False,False,True,0.0,False,0.0,3305.0,False,W,good,150501.54,0.0
278,6,7340,True,APARTMENT_BLOCK,5000000.0,65.0,3200.0,True,False,False,True,0.0,False,0.0,3488.0,False,W,renovated,87696.86,0.0
279,6,9470,True,APARTMENT_BLOCK,575000.0,6.0,350.0,False,False,False,False,0.0,False,0.0,215.0,False,F,good,199845.8,0.0
280,6,1180,True,APARTMENT_BLOCK,795000.0,5.0,232.0,False,False,False,True,0.0,True,190.0,301.0,False,B,to_renovate,368667.88,0.0
281,6,5500,True,APARTMENT_BLOCK,240000.0,2.0,210.0,True,False,False,False,0.0,False,0.0,90.0,False,W,good,136224.19,0.0
282,6,1180,True,APARTMENT_BLOCK,860000.0,3.0,280.0,True,False,False,True,20.0,True,90.0,182.0,False,B,good,368667.88,0.0
283,6,7800,True,APARTMENT_BLOCK,160000.0,2.0,70.0,True,False,False,False,0.0,False,0.0,77.0,False,W,good,164931.69,0.0
284,6,1080,True,APARTMENT_BLOCK,469000.0,6.0,315.0,True,False,False,True,32.0,True,29.0,130.0,False,B,to_renovate,173491.72,0.0
285,6,1200,True,APARTMENT_BLOCK,720000.0,5.0,290.0,True,False,False,True,10.0,False,0.0,200.0,False,B,to_renovate,317314.62,0.0
286,6,6200,True,APARTMENT_BLOCK,335000.0,4.0,265.0,True,True,False,True,12.0,False,0.0,110.0,False,W,good,112172.39,0.0
287,6,1040,True,APARTMENT_BLOCK,525000.0,4.0,240.0,True,False,False,True,0.0,False,0.0,160.0,False,B,good,271500.67,0.0
288,6,1080,True,APARTMENT_BLOCK,695000.0,11.0,455.0,True,False,False,True,92.0,False,0.0,265.0,False,B,to_renovate,173491.72,0.0
289,6,4430,True,APARTMENT_BLOCK,1200000.0,15.0,611.0,True,False,False,True,0.0,False,0.0,1029.0,False,W,good,151441.09,0.0
290,6,4180,True,APARTMENT_BLOCK,150000.0,6.0,450.0,False,False,False,True,29.0,False,0.0,150.0,False,W,to_renovate,124426.69,0.0
291,6,4000,True,APARTMENT_BLOCK,165000.0,3.0,140.0,True,False,False,False,0.0,False,0.0,55.0,False,W,to_renovate,131150.63,0.0
292,6,4790,True,APARTMENT_BLOCK,299000.0,4.0,250.0,False,False,False,False,0.0,False,0.0,306.0,False,W,good,45780.32,0.0
293,6,4257,True,APARTMENT_BLOCK,810000.0,11.0,466.0,True,False,False,False,0.0,False,0.0,935.0,False,W,good,121116.97,0.0
294,6,4690,True,APARTMENT_BLOCK,269000.0,4.0,158.0,True,False,False,True,59.0,False,0.0,363.0,False,W,good,152995.1,0.0
295,6,4300,True,APARTMENT_BLOCK,329000.0,6.0,220.0,True,False,False,True,40.0,True,672.0,882.0,False,W,good,174481.45,0.0
296,6,7340,True,APARTMENT_BLOCK,700000.0,8.0,440.0,False,False,False,False,0.0,False,0.0,276.0,False,W,good,87696.86,0.0
297,6,7000,True,APARTMENT_BLOCK,525000.0,8.0,330.0,True,False,False,False,0.0,False,0.0,1429.0,False,W,good,133821.45,0.0
298,6,7600,True,APARTMENT_BLOCK,299000.0,6.0,542.0,True,False,False,False,0.0,True,137.0,418.0,False,W,to_renovate,121550.01,0.0
299,6,7860,True,APARTMENT_BLOCK,225000.0,5.0,245.0,True,False,False,False,0.0,False,0.0,180.0,False,W,good,139052.69,0.0
300,6,4000,True,APARTMENT_BLOCK,278000.0,5.0,325.0,True,False,False,False,0.0,False,0.0,265.0,False,W,to_renovate,131150.63,0.0
301,6,7860,True,APARTMENT_BLOCK,325000.0,6.0,325.0,True,False,False,True,0.0,False,0.0,260.0,False,W,good,139052.69,0.0
302,6,1030,True,APARTMENT_BLOCK,489000.0,6.0,300.0,True,False,False,True,10.0,True,61.0,142.0,False,B,good,221254.06,0.0
303,6,1410,True,APARTMENT_BLOCK,1100000.0,0.0,400.0,False,False,False,False,0.0,False,0.0,156.0,False,W,good,379673.55,0.0
304,6,4900,True,APARTMENT_BLOCK,280000.0,8.0,250.0,False,False,True,True,15.0,False,0.0,714.0,False,W,to_renovate,178005.38,0.0
305,6,7800,True,APARTMENT_BLOCK,220000.0,2.0,106.0,True,False,False,False,0.0,False,0.0,0.0,False,W,good,164931.69,0.0
306,6,6690,True,APARTMENT_BLOCK,345000.0,5.0,280.0,True,False,False,False,0.0,False,0.0,151.0,False,W,good,132126.68,0.0
307,6,5000,True,APARTMENT_BLOCK,790000.0,3.0,375.0,True,False,False,True,0.0,False,0.0,500.0,False,W,renovated,199974.62,0.0
308,6,3770,True,APARTMENT_BLOCK,395000.0,5.0,140.0,True,False,False,False,0.0,False,0.0,1355.0,False,F,good,180499.91,0.0
309,6,1050,True,APARTMENT_BLOCK,795000.0,0.0,300.0,False,False,False,True,0.0,True,70.0,107.0,False,B,to_renovate,316991.68,0.0
310,6,4020,True,APARTMENT_BLOCK,1100000.0,12.0,603.0,True,False,False,True,0.0,False,0.0,0.0,False,W,good,131150.63,0.0
311,6,4020,True,APARTMENT_BLOCK,119000.0,2.0,160.0,False,False,False,False,0.0,False,0.0,107.0,False,W,to_renovate,131150.63,0.0
312,6,7500,True,APARTMENT_BLOCK,330000.0,3.0,227.0,True,False,False,False,0.0,False,0.0,300.0,False,W,good,161467.93,0.0
313,6,4300,True,APARTMENT_BLOCK,399000.0,6.0,277.0,True,False,False,False,0.0,False,0.0,505.0,False,W,good,174481.45,0.0
314,6,1170,True,APARTMENT_BLOCK,420000.0,4.0,265.0,False,False,False,False,0.0,False,0.0,85.0,False,B,to_renovate,345467.38,0.0
315,6,4020,True,APARTMENT_BLOCK,430000.0,6.0,190.0,False,False,False,False,0.0,True,21.0,193.0,False,W,good,131150.63,0.0
316,6,4140,True,APARTMENT_BLOCK,1562000.0,11.0,904.0,True,False,False,False,0.0,False,0.0,594.0,False,W,good,180284.58,0.0
317,6,2550,True,APARTMENT_BLOCK,590000.0,6.0,293.0,False,False,False,False,0.0,True,50.0,193.0,False,F,good,272700.21,0.0
318,6,4820,True,APARTMENT_BLOCK,140000.0,3.0,145.0,True,False,False,False,0.0,False,0.0,0.0,False,W,renovated,125841.67,0.0
319,6,1082,True,APARTMENT_BLOCK,665000.0,5.0,435.0,False,False,False,False,0.0,True,30.0,110.0,False,B,to_renovate,225321.4,0.0
320,6,4000,True,APARTMENT_BLOCK,200000.0,5.0,132.0,True,False,False,False,0.0,False,0.0,70.0,False,W,good,131150.63,0.0
321,6,4700,True,APARTMENT_BLOCK,248000.0,2.0,85.0,True,False,False,False,0.0,False,0.0,0.0,False,W,good,168897.12,0.0
322,6,1400,True,APARTMENT_BLOCK,280000.0,1.0,130.0,False,False,False,False,0.0,False,0.0,0.0,False,W,good,220759.79,0.0
323,6,5030,True,APARTMENT_BLOCK,1254000.0,12.0,540.0,True,False,False,False,0.0,False,0.0,2350.0,False,W,good,212442.18,0.0
324,6,8580,True,APARTMENT_BLOCK,345000.0,4.0,488.0,True,False,False,True,0.0,False,0.0,283.0,False,F,good,171958.26,0.0
325,6,4430,True,APARTMENT_BLOCK,750000.0,6.0,323.0,True,False,False,True,19.0,False,0.0,140.0,False,W,good,151441.09,0.0
326,6,4800,True,APARTMENT_BLOCK,145000.0,5.0,290.0,True,False,False,False,0.0,False,0.0,120.0,False,W,good,150501.54,0.0
327,6,4020,True,APARTMENT_BLOCK,289000.0,4.0,145.0,False,False,False,False,0.0,False,0.0,55.0,False,W,good,131150.63,0.0
328,6,1300,True,APARTMENT_BLOCK,440000.0,3.0,195.0,True,False,False,False,0.0,False,0.0,0.0,False,W,renovated,274773.39,0.0
329,6,4020,True,APARTMENT_BLOCK,539000.0,9.0,435.0,True,False,False,False,0.0,False,0.0,154.0,False,W,to_renovate,131150.63,0.0
330,6,1000,True,APARTMENT_BLOCK,1250000.0,12.0,640.0,True,False,False,True,0.0,False,0.0,196.0,False,B,good,219943.02,0.0
331,6,6760,True,APARTMENT_BLOCK,86000.0,2.0,42.0,True,False,True,True,0.0,False,0.0,0.0,False,W,good,133398.8,0.0
332,6,6200,True,APARTMENT_BLOCK,150000.0,3.0,270.0,True,False,False,False,0.0,False,0.0,135.0,False,W,good,112172.39,0.0
333,6,4800,True,APARTMENT_BLOCK,184500.0,4.0,217.0,True,False,False,True,10.0,False,0.0,260.0,False,W,to_renovate,150501.54,0.0
334,6,5000,True,APARTMENT_BLOCK,300000.0,3.0,150.0,True,False,False,False,0.0,False,0.0,400.0,False,W,renovated,199974.62,0.0
335,6,2560,True,APARTMENT_BLOCK,1320000.0,12.0,402.0,False,False,False,True,0.0,False,0.0,642.0,False,F,renovated,239045.53,0.0
336,6,1000,True,APARTMENT_BLOCK,560000.0,5.0,250.0,False,False,False,False,0.0,False,0.0,46.0,False,B,good,219943.02,0.0
337,6,1060,True,APARTMENT_BLOCK,995000.0,6.0,385.0,True,False,False,False,0.0,False,0.0,120.0,False,B,good,218403.92,0.0
338,6,1630,True,APARTMENT_BLOCK,1100000.0,7.0,310.0,True,False,False,False,0.0,False,0.0,494.0,False,F,good,267441.59,0.0
339,6,7380,True,APARTMENT_BLOCK,129000.0,0.0,166.0,False,False,False,False,0.0,True,80.0,150.0,False,W,renovated,86286.26,0.0
340,6,5500,True,APARTMENT_BLOCK,198000.0,4.0,222.0,True,False,False,True,0.0,False,0.0,115.0,False,W,good,136224.19,0.0
341,6,6810,True,APARTMENT_BLOCK,245000.0,9.0,450.0,False,False,False,False,0.0,True,1.0,174.0,False,W,to_renovate,136734.3,0.0
342,6,5580,True,APARTMENT_BLOCK,315000.0,0.0,220.0,True,False,False,False,0.0,False,0.0,76.0,False,W,good,140699.81,0.0
343,6,5580,True,APARTMENT_BLOCK,395000.0,12.0,540.0,True,False,False,True,0.0,False,0.0,800.0,False,W,to_renovate,140699.81,0.0
344,6,1170,True,APARTMENT_BLOCK,945000.0,5.0,315.0,True,False,False,True,0.0,False,0.0,199.0,False,B,good,345467.38,0.0
345,6,2850,True,APARTMENT_BLOCK,259000.0,3.0,135.0,False,False,False,False,0.0,False,0.0,135.0,False,F,good,175282.25,0.0
346,6,4970,True,APARTMENT_BLOCK,390000.0,6.0,315.0,True,False,False,False,0.0,False,0.0,0.0,False,W,good,128114.1,0.0
347,6,5650,True,APARTMENT_BLOCK,270000.0,6.0,330.0,True,False,False,False,0.0,True,1510.0,1840.0,False,W,good,158586.32,0.0
348,6,4960,True,APARTMENT_BLOCK,575000.0,6.0,240.0,True,False,False,False,0.0,False,0.0,128.0,False,W,renovated,164572.35,0.0
349,6,4800,True,APARTMENT_BLOCK,255000.0,0.0,205.0,True,False,False,False,0.0,False,0.0,80.0,False,W,good,150501.54,0.0
350,6,4800,True,APARTMENT_BLOCK,309000.0,0.0,260.0,False,False,False,False,0.0,False,0.0,0.0,False,W,to_renovate,150501.54,0.0
351,6,7700,True,APARTMENT_BLOCK,385000.0,3.0,108.0,True,False,False,True,0.0,False,0.0,0.0,False,W,renovated,141721.95,0.0
352,6,6250,True,APARTMENT_BLOCK,419000.0,4.0,241.0,False,False,False,True,0.0,True,800.0,890.0,False,W,renovated,131235.83,0.0
353,6,1070,True,APARTMENT_BLOCK,574999.0,7.0,350.0,False,False,False,True,0.0,False,0.0,200.0,False,B,to_renovate,184185.71,0.0
354,6,5530,True,APARTMENT_BLOCK,800000.0,11.0,480.0,False,False,False,True,120.0,False,0.0,600.0,False,W,good,162233.57,0.0
355,6,6000,True,APARTMENT_BLOCK,1000000.0,10.0,678.0,True,False,False,False,0.0,False,0.0,360.0,False,W,good,104861.26,0.0
356,6,4020,True,APARTMENT_BLOCK,249000.0,3.0,105.0,True,False,False,False,0.0,False,0.0,0.0,False,W,good,131150.63,0.0
357,6,4000,True,APARTMENT_BLOCK,375000.0,3.0,270.0,True,False,False,True,15.0,True,90.0,200.0,False,W,to_renovate,131150.63,0.0
358,6,5580,True,APARTMENT_BLOCK,410000.0,3.0,200.0,True,False,False,True,0.0,False,0.0,650.0,False,W,renovated,140699.81,0.0
359,6,1070,True,APARTMENT_BLOCK,690000.0,8.0,850.0,False,False,False,True,0.0,False,0.0,0.0,False,B,good,184185.71,0.0
360,6,5000,True,APARTMENT_BLOCK,395000.0,7.0,165.0,True,True,False,True,0.0,False,0.0,167.0,False,W,good,199974.62,0.0
361,6,4000,True,APARTMENT_BLOCK,450000.0,5.0,240.0,True,True,False,False,0.0,False,0.0,110.0,False,W,good,131150.63,0.0
362,6,6220,True,APARTMENT_BLOCK,358000.0,8.0,292.0,True,False,False,False,0.0,False,0.0,1004.0,False,W,good,137071.74,0.0
363,6,6000,True,APARTMENT_BLOCK,850000.0,22.0,500.0,False,False,False,False,0.0,False,0.0,130.0,False,W,to_renovate,104861.26,0.0
364,6,1000,True,APARTMENT_BLOCK,1150000.0,7.0,450.0,True,False,False,True,0.0,False,0.0,200.0,False,B,to_renovate,219943.02,0.0
365,6,4845,True,APARTMENT_BLOCK,245000.0,8.0,480.0,False,False,False,False,0.0,True,95.0,335.0,False,W,to_renovate,192387.0,0.0
366,6,4000,True,APARTMENT_BLOCK,450000.0,7.0,150.0,False,True,False,True,0.0,True,56.0,150.0,False,W,good,131150.63,0.0
367,6,4100,True,APARTMENT_BLOCK,1800000.0,17.0,789.0,True,False,False,True,67.0,False,0.0,867.0,False,W,good,115354.67,0.0
368,6,5670,True,APARTMENT_BLOCK,99000.0,4.0,200.0,False,False,False,False,0.0,False,0.0,133.0,False,W,good,91253.86,0.0
369,6,4800,True,APARTMENT_BLOCK,245000.0,6.0,334.0,False,False,False,True,0.0,False,0.0,0.0,False,W,good,150501.54,0.0
370,6,7500,True,APARTMENT_BLOCK,270000.0,0.0,525.0,False,False,False,False,0.0,False,0.0,245.0,False,W,to_renovate,161467.93,0.0
371,6,1030,True,APARTMENT_BLOCK,465000.0,8.0,280.0,False,False,False,False,0.0,False,0.0,0.0,False,B,good,221254.06,0.0
372,6,5350,True,APARTMENT_BLOCK,495000.0,7.0,575.0,False,False,False,True,0.0,False,0.0,1448.0,False,W,good,172869.23,0.0
373,6,4730,True,APARTMENT_BLOCK,249000.0,6.0,630.0,False,False,False,False,0.0,False,0.0,951.0,False,W,to_renovate,177979.29,0.0
374,6,2160,True,APARTMENT_BLOCK,595000.0,6.0,280.0,True,False,False,True,0.0,False,0.0,391.0,False,F,good,269988.93,0.0
375,6,1180,True,APARTMENT_BLOCK,675000.0,5.0,200.0,False,False,False,True,8.0,False,0.0,0.0,False,B,good,368667.88,0.0
376,6,4800,True,APARTMENT_BLOCK,185000.0,0.0,300.0,False,False,False,False,0.0,False,0.0,0.0,False,W,to_renovate,150501.54,0.0
377,6,1050,True,APARTMENT_BLOCK,1195000.0,0.0,350.0,True,False,False,True,0.0,False,0.0,0.0,False,B,good,316991.68,0.0
378,6,4950,True,APARTMENT_BLOCK,185000.0,6.0,250.0,True,False,False,False,0.0,False,0.0,655.0,False,W,to_renovate,163915.89,0.0
379,6,5300,True,APARTMENT_BLOCK,189000.0,3.0,215.0,False,False,False,False,0.0,False,0.0,0.0,False,W,to_renovate,159847.89,0.0
380,6,4000,True,APARTMENT_BLOCK,325000.0,5.0,237.0,False,False,False,True,0.0,True,53.0,187.0,False,W,to_renovate,131150.63,0.0
381,6,5500,True,APARTMENT_BLOCK,399000.0,0.0,400.0,True,False,False,False,0.0,False,0.0,0.0,False,W,to_renovate,136224.19,0.0
382,6,2590,True,APARTMENT_BLOCK,319000.0,4.0,213.0,True,False,False,True,0.0,False,0.0,215.0,False,F,good,220106.1,0.0
383,6,3500,True,APARTMENT_BLOCK,365000.0,3.0,230.0,True,False,False,True,0.0,False,0.0,200.0,False,F,good,218075.64,0.0
384,6,8820,True,APARTMENT_BLOCK,1250000.0,11.0,598.0,False,False,False,False,0.0,False,0.0,585.0,False,F,good,228200.72,0.0
385,6,1060,True,APARTMENT_BLOCK,475000.0,2.0,235.0,True,False,False,False,0.0,False,0.0,0.0,False,B,good,218403.92,0.0
386,6,1300,True,APARTMENT_BLOCK,670000.0,9.0,500.0,False,False,False,True,0.0,False,0.0,190.0,False,W,to_renovate,274773.39,0.0
387,6,4000,True,APARTMENT_BLOCK,429000.0,6.0,245.0,False,False,False,True,15.0,False,0.0,135.0,False,W,good,131150.63,0.0
388,6,5620,True,APARTMENT_BLOCK,295000.0,5.0,205.0,False,False,False,False,0.0,False,0.0,0.0,False,W,good,137325.27,0.0
389,6,4000,True,APARTMENT_BLOCK,375000.0,4.0,180.0,True,False,False,False,0.0,False,0.0,100.0,False,W,good,131150.63,0.0
390,6,6220,True,APARTMENT_BLOCK,150000.0,0.0,350.0,False,False,False,False,0.0,False,0.0,440.0,False,W,good,137071.74,0.0
391,6,7500,True,APARTMENT_BLOCK,175000.0,3.0,107.0,True,False,False,True,19.0,False,0.0,88.0,False,W,good,161467.93,0.0
392,6,4000,True,APARTMENT_BLOCK,525000.0,8.0,300.0,False,False,False,False,0.0,False,0.0,0.0,False,W,good,131150.63,0.0
393,6,1200,True,APARTMENT_BLOCK,1679000.0,10.0,520.0,False,False,False,False,0.0,False,0.0,0.0,False,B,good,317314.62,0.0
394,6,1040,True,APARTMENT_BLOCK,595000.0,4.0,245.0,False,False,False,True,10.0,True,60.0,0.0,False,B,to_renovate,271500.67,0.0
395,6,7700,True,APARTMENT_BLOCK,189000.0,4.0,200.0,True,False,False,False,0.0,False,0.0,0.0,False,W,to_renovate,141721.95,0.0
396,6,1070,True,APARTMENT_BLOCK,299000.0,5.0,250.0,False,False,False,True,8.0,False,0.0,65.0,False,B,to_renovate,184185.71,0.0
397,6,7500,True,APARTMENT_BLOCK,350000.0,4.0,366.0,False,False,False,False,0.0,False,0.0,0.0,False,W,good,161467.93,0.0
398,6,1050,True,APARTMENT_BLOCK,655000.0,4.0,260.0,False,False,False,False,0.0,True,40.0,110.0,False,B,to_renovate,316991.68,0.0
399,6,1000,True,APARTMENT_BLOCK,1490000.0,6.0,300.0,True,False,False,False,0.0,False,0.0,0.0,False,B,good,219943.02,0.0
400,6,1000,True,APARTMENT_BLOCK,415000.0,4.0,282.0,False,False,False,False,0.0,False,0.0,0.0,False,B,to_renovate,219943.02,0.0
401,6,8340,True,APARTMENT_BLOCK,1125000.0,11.0,444.0,False,False,False,True,0.0,False,0.0,257.0,False,F,renovated,293101.88,0.0
402,6,6200,True,APARTMENT_BLOCK,82000.0,1.0,65.0,False,False,False,False,0.0,False,0.0,0.0,False,W,good,112172.39,0.0
403,6,1180,True,APARTMENT_BLOCK,895000.0,2.0,543.0,False,False,False,True,62.0,False,0.0,240.0,False,B,good,368667.88,0.0
404,6,9600,True,APARTMENT_BLOCK,405000.0,4.0,250.0,False,False,False,True,0.0,False,0.0,250.0,False,F,good,138875.36,0.0
405,6,4040,True,APARTMENT_BLOCK,290000.0,7.0,274.0,True,False,False,True,0.0,False,0.0,177.0,False,W,to_renovate,125973.7,0.0
406,6,4000,True,APARTMENT_BLOCK,1450000.0,18.0,950.0,True,False,False,True,100.0,False,0.0,655.0,False,W,good,131150.63,0.0
407,6,3110,True,APARTMENT_BLOCK,448000.0,2.0,59.0,True,False,False,True,6.0,False,0.0,739.0,False,F,good,255296.3,0.0
408,6,7000,True,APARTMENT_BLOCK,390000.0,16.0,470.0,False,False,False,False,0.0,False,0.0,0.0,False,W,good,133821.45,0.0
409,6,6000,True,APARTMENT_BLOCK,900000.0,7.0,546.0,True,False,False,True,0.0,False,0.0,0.0,False,W,good,104861.26,0.0
410,6,1070,True,APARTMENT_BLOCK,135000.0,1.0,60.0,False,False,False,True,7.0,False,0.0,0.0,False,B,to_renovate,184185.71,0.0
411,6,5600,True,APARTMENT_BLOCK,269000.0,4.0,200.0,False,False,False,True,0.0,False,0.0,0.0,False,W,good,126175.56,0.0
412,6,1080,True,APARTMENT_BLOCK,445000.0,6.0,540.0,False,False,False,False,0.0,False,0.0,210.0,False,B,to_renovate,173491.72,0.0
413,6,1050,True,APARTMENT_BLOCK,817000.0,4.0,250.0,True,False,False,True,0.0,False,0.0,60.0,False,B,good,316991.68,0.0
414,6,4140,True,APARTMENT_BLOCK,599000.0,0.0,526.0,False,False,False,True,0.0,False,0.0,1855.0,False,W,good,180284.58,0.0
415,6,7130,True,APARTMENT_BLOCK,250000.0,2.0,150.0,False,False,False,False,0.0,False,0.0,0.0,False,W,good,128490.5,0.0
416,6,1070,True,APARTMENT_BLOCK,269000.0,1.0,100.0,False,False,False,False,0.0,False,0.0,50.0,False,B,to_renovate,184185.71,0.0
417,6,1050,True,APARTMENT_BLOCK,950000.0,8.0,220.0,True,False,False,True,0.0,False,0.0,120.0,False,B,good,316991.68,0.0
418,6,5310,True,APARTMENT_BLOCK,395000.0,8.0,390.0,False,False,False,False,0.0,False,0.0,0.0,False,W,to_renovate,212860.23,0.0
419,6,1430,True,APARTMENT_BLOCK,1200000.0,8.0,683.0,False,False,False,True,100.0,True,100.0,500.0,False,W,good,206426.6,0.0
420,6,1081,True,APARTMENT_BLOCK,1550000.0,36.0,1620.0,False,False,False,False,0.0,False,0.0,0.0,False,B,to_renovate,176780.32,0.0
421,6,1000,True,APARTMENT_BLOCK,6700000.0,46.0,1600.0,False,False,False,False,0.0,False,0.0,0.0,False,B,good,219943.02,0.0
422,6,1030,True,APARTMENT_BLOCK,5929000.0,14.0,2500.0,False,False,False,False,0.0,False,0.0,2500.0,False,B,good,221254.06,0.0
